Battery_Type,Poor_Cell_Design,External_Abuse,Poor_Battery_Design,Short_Circuits,Temperature,Overcharge_Overdischarge,Battery_Maintenance,Battery_Health
Lead-Acid,1,Yes,1,1,44.82556766318909,Normal,No,Blast
Lithium-Ion,0,No,1,0,42.93583383964153,Overcharge,Yes,Good
Lead-Acid,0,No,1,0,37.205868543667194,Normal,Yes,Moderate
Lead-Acid,0,No,1,0,48.68141430835799,Normal,Yes,Moderate
Lead-Acid,0,No,0,1,26.01423546585208,Overcharge,No,Blast
Lithium-Ion,0,Yes,0,1,23.27792630928864,Over-discharge,Yes,Chance_of_Blast
Lead-Acid,1,No,1,1,45.61885900866267,Overcharge,Yes,Blast
Lead-Acid,0,Yes,0,1,33.17449449901245,Normal,Yes,Blast
Lead-Acid,1,Yes,1,1,45.40906562621181,Normal,No,Blast
Lithium-Ion,1,Yes,0,1,46.79270615586245,Normal,No,Chance_of_Blast
Lead-Acid,0,Yes,1,1,21.87372780857214,Overcharge,No,Blast
Lead-Acid,0,Yes,1,0,46.50394288958182,Normal,Yes,Moderate
Lead-Acid,1,No,0,1,33.449571661082665,Normal,No,Blast
Lead-Acid,0,No,0,0,35.31297467012696,Overcharge,Yes,Good
Lithium-Ion,0,No,1,0,38.797775332796306,Over-discharge,Yes,Good
Lead-Acid,1,No,1,1,47.791478201902606,Over-discharge,No,Blast
Lithium-Ion,1,Yes,0,1,20.57348283289292,Normal,Yes,Chance_of_Blast
Lithium-Ion,0,No,0,0,34.30530404953451,Overcharge,No,Moderate
Lithium-Ion,1,Yes,1,0,40.631661272916816,Normal,Yes,Moderate
Lead-Acid,0,No,0,1,41.68120873094685,Overcharge,No,Blast
Lithium-Ion,0,Yes,1,1,40.77597294611324,Overcharge,Yes,Chance_of_Blast
Lead-Acid,0,Yes,1,0,24.033053882243657,Over-discharge,Yes,Good
Lithium-Ion,1,No,1,1,28.981867651150438,Over-discharge,Yes,Chance_of_Blast
Lithium-Ion,1,Yes,1,1,30.761465762510404,Overcharge,Yes,Chance_of_Blast
Lithium-Ion,1,Yes,0,1,44.13311623038515,Normal,Yes,Chance_of_Blast
Lithium-Ion,1,No,0,0,28.36279617243659,Over-discharge,No,Moderate
Lithium-Ion,1,Yes,0,0,26.321148916016096,Normal,Yes,
Lithium-Ion,0,No,0,0,48.72344057114289,Over-discharge,No,Moderate
Lithium-Ion,0,No,0,1,20.265898553404067,Over-discharge,No,Chance_of_Blast
Lithium-Ion,0,No,0,1,49.93462567045935,Normal,No,Chance_of_Blast
Lead-Acid,0,Yes,0,0,40.304638965721864,Over-discharge,Yes,Good
Lead-Acid,1,Yes,1,0,44.854078983473514,Over-discharge,Yes,Good
Lithium-Ion,0,Yes,0,0,28.838581890385797,Normal,Yes,
Lithium-Ion,1,No,0,1,20.429458330011798,Over-discharge,No,Chance_of_Blast
Lithium-Ion,0,Yes,1,0,42.1360855568459,Over-discharge,Yes,Good
Lead-Acid,1,No,0,0,45.02433791002027,Over-discharge,Yes,Good
Lithium-Ion,1,No,0,1,42.21428395860558,Normal,No,Chance_of_Blast
Lead-Acid,0,Yes,1,1,24.28550861902516,Overcharge,No,Blast
Lead-Acid,0,No,0,1,42.60283766770907,Normal,No,Blast
Lead-Acid,0,Yes,0,0,43.06768346322923,Overcharge,No,Moderate
Lead-Acid,0,Yes,0,1,39.75621547010165,Over-discharge,No,Blast
Lead-Acid,1,Yes,1,1,42.98347798386759,Overcharge,No,Blast
Lithium-Ion,0,Yes,0,0,45.377643190331966,Normal,Yes,
Lithium-Ion,0,Yes,0,1,38.408123427123755,Normal,No,Chance_of_Blast
Lithium-Ion,1,No,1,0,22.65814141909037,Over-discharge,Yes,Good
Lithium-Ion,0,No,0,0,34.62883429001633,Overcharge,Yes,Good
Lithium-Ion,0,No,1,1,22.32948004014815,Over-discharge,Yes,Chance_of_Blast
Lead-Acid,0,Yes,1,1,32.22629093097292,Over-discharge,No,Blast
Lithium-Ion,0,Yes,0,1,32.213194673768825,Normal,Yes,Chance_of_Blast
Lithium-Ion,0,Yes,1,1,21.980295324207248,Overcharge,No,Chance_of_Blast
Lead-Acid,1,No,1,1,30.46461601908438,Overcharge,No,Blast
Lithium-Ion,0,Yes,0,1,23.329942963739445,Overcharge,Yes,Chance_of_Blast
Lead-Acid,0,No,1,0,44.24705630027667,Overcharge,No,Moderate
Lithium-Ion,0,No,1,0,48.43064077893412,Over-discharge,Yes,Good
Lead-Acid,0,Yes,0,1,22.169494257738158,Over-discharge,Yes,Blast
Lithium-Ion,0,Yes,0,0,48.653456218751046,Normal,No,
Lithium-Ion,1,No,0,1,35.67729798010235,Over-discharge,Yes,Chance_of_Blast
Lead-Acid,0,Yes,1,0,28.986970338616217,Over-discharge,Yes,Good
Lead-Acid,1,No,0,0,22.305862258284904,Normal,Yes,
Lead-Acid,1,Yes,1,0,35.018728042112535,Normal,No,Moderate
Lead-Acid,0,Yes,1,1,43.83546633472246,Normal,Yes,Blast
Lead-Acid,0,No,1,0,41.212594318000946,Over-discharge,No,Moderate
Lead-Acid,0,Yes,1,1,21.506780343919214,Over-discharge,No,Blast
Lead-Acid,0,No,1,0,22.187055061037107,Normal,Yes,Moderate
Lead-Acid,1,Yes,1,0,32.086198478979114,Normal,Yes,Moderate
Lithium-Ion,0,No,1,0,28.858714821438298,Normal,No,Moderate
Lithium-Ion,0,No,0,0,26.971529691681436,Over-discharge,No,Moderate
Lead-Acid,0,Yes,0,0,28.43013496726141,Over-discharge,Yes,Good
Lithium-Ion,0,No,1,1,44.10448229890654,Overcharge,Yes,Chance_of_Blast
Lithium-Ion,0,Yes,1,1,47.876841608955615,Over-discharge,No,Chance_of_Blast
Lithium-Ion,0,Yes,0,0,32.15308083582699,Over-discharge,No,Moderate
Lithium-Ion,1,Yes,1,0,47.18333006397491,Over-discharge,No,Moderate
Lead-Acid,1,No,0,0,29.64487103743646,Normal,No,
Lithium-Ion,0,No,0,0,34.29310959031375,Over-discharge,No,Moderate
Lead-Acid,0,Yes,0,1,26.78086993447999,Normal,Yes,Blast
Lithium-Ion,0,Yes,1,0,39.21428126527532,Overcharge,No,Moderate
Lithium-Ion,1,No,1,1,49.36943345524426,Overcharge,No,Chance_of_Blast
Lithium-Ion,0,Yes,0,0,38.104792881301364,Normal,Yes,
Lead-Acid,1,Yes,0,1,30.734422523406465,Normal,Yes,Blast
Lithium-Ion,0,No,0,0,39.434523379715856,Normal,No,
Lead-Acid,0,Yes,0,0,23.687620353961627,Over-discharge,No,Moderate
Lithium-Ion,0,No,0,1,46.65977240796196,Overcharge,Yes,Chance_of_Blast
Lead-Acid,0,Yes,1,0,35.09251852339509,Normal,No,Moderate
Lithium-Ion,1,No,0,0,33.48049226118926,Over-discharge,No,Moderate
Lead-Acid,1,Yes,1,0,37.57594365360558,Overcharge,Yes,Good
Lead-Acid,0,Yes,0,1,38.74351588368207,Over-discharge,No,Blast
Lithium-Ion,0,No,1,0,22.15327418679539,Overcharge,Yes,Good
Lead-Acid,1,Yes,1,0,40.47851663670207,Over-discharge,Yes,Good
Lithium-Ion,1,No,1,1,27.257950409465888,Overcharge,Yes,Chance_of_Blast
Lithium-Ion,1,Yes,1,1,41.41857897519769,Overcharge,Yes,Chance_of_Blast
Lithium-Ion,1,No,1,1,44.6760438315259,Over-discharge,No,Chance_of_Blast
Lithium-Ion,0,No,1,0,44.11875522657561,Normal,Yes,Moderate
Lithium-Ion,1,No,0,0,36.57502902223668,Overcharge,No,Moderate
Lithium-Ion,0,No,1,0,35.605096769322536,Normal,No,Moderate
Lithium-Ion,1,Yes,0,1,24.28627884018235,Over-discharge,No,Chance_of_Blast
Lithium-Ion,1,Yes,1,0,43.26038451209406,Normal,No,Moderate
Lithium-Ion,1,No,1,0,28.14228141340143,Normal,No,Moderate
Lithium-Ion,1,No,0,1,34.900862684538396,Normal,Yes,Chance_of_Blast
Lithium-Ion,1,No,1,1,28.528222787825502,Normal,Yes,Chance_of_Blast
Lead-Acid,0,Yes,0,1,24.014850889990793,Normal,Yes,Blast
Lead-Acid,0,Yes,0,1,38.88673090675209,Overcharge,Yes,Blast
Lithium-Ion,1,Yes,0,1,21.629961044687114,Overcharge,No,Chance_of_Blast
Lithium-Ion,1,Yes,0,0,42.459357023786,Overcharge,Yes,Good
Lithium-Ion,0,No,1,1,29.527603857833498,Over-discharge,No,Chance_of_Blast
Lithium-Ion,1,No,1,0,20.00404079013456,Normal,No,Moderate
Lithium-Ion,1,No,0,0,35.3338741771169,Overcharge,Yes,Good
Lithium-Ion,0,Yes,1,1,21.405557255828093,Over-discharge,Yes,Chance_of_Blast
Lithium-Ion,1,Yes,1,1,28.285086734626987,Overcharge,Yes,Chance_of_Blast
Lithium-Ion,1,Yes,0,1,41.20929462367148,Overcharge,Yes,Chance_of_Blast
Lead-Acid,0,No,1,0,21.880688648655976,Normal,No,Moderate
Lithium-Ion,0,No,0,1,45.18015477068007,Over-discharge,No,Chance_of_Blast
Lead-Acid,0,Yes,0,1,20.114597679757495,Normal,Yes,Blast
Lithium-Ion,1,No,1,1,27.404716076057067,Normal,No,Chance_of_Blast
Lithium-Ion,0,Yes,1,1,42.22712168456214,Overcharge,No,Chance_of_Blast
Lead-Acid,0,Yes,1,1,29.488104491879206,Normal,No,Blast
Lithium-Ion,0,No,0,0,23.056771641980404,Over-discharge,Yes,Good
Lead-Acid,0,Yes,0,0,30.80701756401284,Normal,No,
Lithium-Ion,0,No,1,0,28.111798591535766,Normal,Yes,Moderate
Lithium-Ion,0,Yes,1,1,45.281357064816646,Normal,Yes,Chance_of_Blast
Lead-Acid,1,No,1,1,29.400437527554296,Overcharge,No,Blast
Lithium-Ion,1,No,1,1,43.66797415328021,Over-discharge,No,Chance_of_Blast
Lead-Acid,0,No,0,0,46.756164344322045,Overcharge,Yes,Good
Lithium-Ion,0,Yes,1,1,33.014522587295886,Overcharge,No,Chance_of_Blast
Lead-Acid,0,Yes,0,1,47.298294315631765,Overcharge,No,Blast
Lead-Acid,1,No,0,1,31.319541618895784,Overcharge,Yes,Blast
Lithium-Ion,1,No,1,0,48.92235249470325,Overcharge,Yes,Good
Lithium-Ion,1,Yes,1,1,22.67868573576719,Over-discharge,Yes,Chance_of_Blast
Lead-Acid,1,Yes,1,0,40.61057799509729,Normal,Yes,Moderate
Lithium-Ion,1,Yes,0,1,34.81442121370786,Overcharge,No,Chance_of_Blast
Lithium-Ion,1,No,1,0,31.62946416366941,Overcharge,No,Moderate
Lithium-Ion,1,Yes,1,0,38.98135636245803,Over-discharge,Yes,Good
Lead-Acid,1,Yes,0,0,41.11571274902994,Over-discharge,Yes,Good
Lead-Acid,1,No,1,1,20.130898089509273,Normal,Yes,Blast
Lead-Acid,0,Yes,0,1,25.00859266241596,Over-discharge,No,Blast
Lead-Acid,0,Yes,1,0,41.391381519029565,Normal,Yes,Moderate
Lead-Acid,0,Yes,0,0,39.991562407346194,Overcharge,No,Moderate
Lead-Acid,0,No,1,1,48.981425153860314,Overcharge,Yes,Blast
Lead-Acid,1,No,1,1,42.83113370752349,Normal,Yes,Blast
Lead-Acid,1,No,0,0,48.52318123194014,Over-discharge,Yes,Good
Lead-Acid,0,No,0,1,41.07621504604421,Normal,No,Blast
Lithium-Ion,1,No,1,1,28.941566259183297,Over-discharge,No,Chance_of_Blast
Lead-Acid,0,No,0,1,23.160947667525694,Overcharge,No,Blast
Lithium-Ion,1,No,0,1,43.45471590034806,Over-discharge,Yes,Chance_of_Blast
Lithium-Ion,0,Yes,0,0,39.32447664427748,Normal,No,
Lithium-Ion,1,Yes,0,1,21.445580371798886,Normal,No,Chance_of_Blast
Lead-Acid,1,No,1,1,30.80151397702935,Overcharge,Yes,Blast
Lead-Acid,0,Yes,1,0,48.703994464528584,Over-discharge,Yes,Good
Lead-Acid,1,Yes,0,0,35.01203437130604,Over-discharge,No,Moderate
Lead-Acid,0,No,0,1,32.98187408059114,Over-discharge,No,Blast
Lithium-Ion,0,Yes,0,1,33.73098815477882,Overcharge,No,Chance_of_Blast
Lead-Acid,0,Yes,0,1,26.26648172015491,Over-discharge,No,Blast
Lead-Acid,0,Yes,1,1,31.061215125943857,Normal,Yes,Blast
Lead-Acid,1,Yes,1,0,31.094397679615298,Over-discharge,Yes,Good
Lead-Acid,1,Yes,0,0,21.570650605624174,Overcharge,Yes,Good
Lead-Acid,1,No,0,0,43.02702885553755,Over-discharge,No,Moderate
Lithium-Ion,0,No,0,1,32.49513295711637,Over-discharge,No,Chance_of_Blast
Lead-Acid,1,No,1,1,44.6653966044927,Normal,Yes,Blast
Lithium-Ion,0,Yes,0,1,45.510440033596865,Over-discharge,Yes,Chance_of_Blast
Lead-Acid,1,No,1,1,26.359821640959744,Normal,No,Blast
Lithium-Ion,1,Yes,0,0,39.72060446510386,Normal,No,
Lead-Acid,1,Yes,1,0,34.16845412488945,Overcharge,Yes,Good
Lead-Acid,0,Yes,0,1,46.40470213764455,Normal,Yes,Blast
Lithium-Ion,1,Yes,1,0,26.472220375293624,Normal,Yes,Moderate
Lithium-Ion,1,No,0,1,40.33439600930133,Overcharge,No,Chance_of_Blast
Lithium-Ion,0,No,0,1,38.23256366758167,Normal,No,Chance_of_Blast
Lead-Acid,1,Yes,0,0,28.859044327154983,Overcharge,No,Moderate
Lithium-Ion,0,No,1,1,24.098027109535177,Over-discharge,No,Chance_of_Blast
Lead-Acid,1,Yes,0,1,39.549192814318296,Overcharge,No,Blast
Lead-Acid,0,No,1,0,42.15792374396992,Normal,No,Moderate
Lithium-Ion,0,No,1,1,29.468820312900498,Overcharge,Yes,Chance_of_Blast
Lithium-Ion,1,Yes,0,1,39.34497812066941,Normal,Yes,Chance_of_Blast
Lead-Acid,0,No,0,0,31.8539272283451,Over-discharge,No,Moderate
Lead-Acid,0,Yes,0,1,41.396206498478534,Overcharge,Yes,Blast
Lithium-Ion,0,No,1,0,25.976458246821593,Over-discharge,No,Moderate
Lithium-Ion,0,Yes,0,1,46.70645007908523,Normal,Yes,Chance_of_Blast
Lithium-Ion,0,Yes,1,0,28.622287893967393,Normal,No,Moderate
Lead-Acid,0,No,1,0,31.033579632684585,Over-discharge,Yes,Good
Lead-Acid,1,No,0,0,21.742758562410494,Overcharge,Yes,Good
Lead-Acid,0,Yes,0,1,23.345366369638292,Overcharge,No,Blast
Lead-Acid,0,No,0,0,35.475857081369846,Normal,No,
Lead-Acid,1,No,0,0,28.027780301839144,Over-discharge,Yes,Good
Lead-Acid,1,Yes,0,0,45.064406772265826,Over-discharge,Yes,Good
Lithium-Ion,1,Yes,0,0,20.440801659648614,Overcharge,No,Moderate
Lead-Acid,1,No,1,0,31.372821460158086,Overcharge,Yes,Good
Lead-Acid,1,Yes,1,1,30.12036640307278,Overcharge,No,Blast
Lead-Acid,1,Yes,1,1,20.57982892752803,Over-discharge,No,Blast
Lithium-Ion,1,Yes,0,1,23.731051970015308,Overcharge,Yes,Chance_of_Blast
Lead-Acid,0,No,1,1,32.40928024755906,Overcharge,No,Blast
Lead-Acid,0,No,1,1,34.7859375334234,Normal,Yes,Blast
Lithium-Ion,1,Yes,1,1,32.12869241764607,Overcharge,Yes,Chance_of_Blast
Lead-Acid,0,No,1,1,35.928130352362814,Overcharge,No,Blast
Lead-Acid,0,Yes,1,0,37.853950247170445,Over-discharge,Yes,Good
Lead-Acid,0,No,0,1,20.29771463383507,Over-discharge,No,Blast
Lead-Acid,1,Yes,0,0,33.92285478360512,Normal,No,
Lead-Acid,1,Yes,1,0,48.90497722662765,Overcharge,No,Moderate
Lithium-Ion,0,No,1,1,35.57096840388646,Normal,Yes,Chance_of_Blast
Lithium-Ion,1,Yes,1,0,40.32626802376859,Over-discharge,No,Moderate
Lithium-Ion,0,No,0,0,29.355915737506496,Normal,Yes,
Lead-Acid,0,No,0,0,43.21974134458287,Over-discharge,No,Moderate
Lead-Acid,0,Yes,1,0,43.18764445628345,Normal,No,Moderate
Lead-Acid,0,Yes,0,1,35.63888142962417,Normal,No,Blast
Lithium-Ion,1,No,0,1,49.280414698376404,Overcharge,Yes,Chance_of_Blast
Lead-Acid,1,Yes,1,1,23.766506442879603,Normal,Yes,Blast
Lead-Acid,1,Yes,0,1,20.50842994668743,Overcharge,No,Blast
Lithium-Ion,0,Yes,0,1,43.10474635271288,Overcharge,No,Chance_of_Blast
Lead-Acid,1,Yes,1,1,44.214666120946475,Overcharge,Yes,Blast
Lithium-Ion,0,Yes,0,1,23.60621687361729,Overcharge,Yes,Chance_of_Blast
Lithium-Ion,1,No,0,1,27.96748498875818,Normal,Yes,Chance_of_Blast
Lithium-Ion,0,No,1,1,20.526570900998866,Over-discharge,No,Chance_of_Blast
Lead-Acid,0,Yes,0,1,28.799258323416943,Over-discharge,Yes,Blast
Lead-Acid,0,Yes,0,0,43.194256217560145,Over-discharge,No,Moderate
Lead-Acid,1,Yes,1,1,35.53881583137737,Normal,Yes,Blast
Lead-Acid,1,No,1,0,30.44286779504864,Overcharge,No,Moderate
Lead-Acid,1,Yes,1,0,31.15217884718991,Over-discharge,No,Moderate
Lead-Acid,1,No,0,0,20.040608771464044,Normal,No,
Lead-Acid,0,No,1,0,28.994015826957074,Overcharge,Yes,Good
Lithium-Ion,1,No,0,1,39.393762249137914,Over-discharge,Yes,Chance_of_Blast
Lead-Acid,1,Yes,1,0,49.225833314490714,Overcharge,Yes,Good
Lithium-Ion,0,No,0,1,45.411824809516986,Over-discharge,No,Chance_of_Blast
Lead-Acid,0,Yes,1,1,20.707848939365874,Over-discharge,No,Blast
Lead-Acid,0,No,1,0,46.956818140245176,Over-discharge,Yes,Good
Lead-Acid,1,Yes,1,1,43.49595239895878,Overcharge,No,Blast
Lithium-Ion,0,No,1,0,43.411283707129414,Normal,No,Moderate
Lithium-Ion,0,Yes,0,0,33.73987277010714,Overcharge,No,Moderate
Lithium-Ion,0,No,1,1,31.940158788635085,Over-discharge,Yes,Chance_of_Blast
Lithium-Ion,1,Yes,1,1,29.087471864995777,Overcharge,No,Chance_of_Blast
Lead-Acid,0,Yes,0,0,21.970845768630973,Normal,Yes,
Lithium-Ion,1,Yes,1,1,26.847060904810974,Overcharge,Yes,Chance_of_Blast
Lead-Acid,1,Yes,0,1,27.39810904934074,Normal,Yes,Blast
Lead-Acid,0,No,1,1,34.52231209130605,Normal,Yes,Blast
Lithium-Ion,0,No,1,0,42.42333219790082,Overcharge,Yes,Good
Lithium-Ion,1,Yes,1,0,34.2142948519384,Over-discharge,No,Moderate
Lithium-Ion,0,No,0,1,21.73533348341482,Normal,Yes,Chance_of_Blast
Lithium-Ion,0,Yes,1,1,48.73369402964612,Overcharge,Yes,Chance_of_Blast
Lithium-Ion,1,Yes,1,1,48.281729572823366,Normal,Yes,Chance_of_Blast
Lithium-Ion,1,No,1,1,43.55568629445225,Over-discharge,No,Chance_of_Blast
Lithium-Ion,0,Yes,0,1,49.73983704692662,Overcharge,No,Chance_of_Blast
Lithium-Ion,1,Yes,0,0,36.33446998400789,Overcharge,No,Moderate
Lead-Acid,0,No,1,1,48.88305050759618,Overcharge,No,Blast
Lithium-Ion,0,Yes,0,0,22.268151218502524,Over-discharge,Yes,Good
Lithium-Ion,0,Yes,1,1,30.970422447841138,Normal,Yes,Chance_of_Blast
Lead-Acid,1,Yes,1,0,26.761438040202975,Overcharge,No,Moderate
Lithium-Ion,0,Yes,1,1,25.8749925240281,Normal,No,Chance_of_Blast
Lead-Acid,0,No,1,0,24.22408846678028,Normal,No,Moderate
Lead-Acid,0,No,1,1,38.672409246979896,Over-discharge,No,Blast
Lithium-Ion,1,No,1,0,43.43965567241915,Overcharge,Yes,Good
Lead-Acid,1,Yes,1,0,37.34895198261082,Normal,No,Moderate
Lead-Acid,1,Yes,0,0,24.408881287646288,Overcharge,No,Moderate
Lead-Acid,1,No,0,0,44.333713098004125,Overcharge,No,Moderate
Lead-Acid,1,Yes,0,0,39.078641214911855,Over-discharge,No,Moderate
Lithium-Ion,0,Yes,0,0,31.644971183809865,Overcharge,No,Moderate
Lead-Acid,1,Yes,0,1,40.223908866081885,Overcharge,No,Blast
Lithium-Ion,1,Yes,0,0,27.797149377284985,Normal,No,
Lead-Acid,1,No,0,1,30.355766254826314,Over-discharge,Yes,Blast
Lead-Acid,0,No,1,1,47.52457529395971,Overcharge,Yes,Blast
Lead-Acid,1,No,1,1,28.71513517014261,Normal,Yes,Blast
Lead-Acid,1,Yes,1,1,34.099648044738096,Over-discharge,Yes,Blast
Lithium-Ion,0,No,1,1,46.70423412188044,Over-discharge,Yes,Chance_of_Blast
Lithium-Ion,1,No,0,0,41.23164050802582,Normal,Yes,
Lead-Acid,0,Yes,0,0,21.86609678494108,Normal,No,
Lead-Acid,0,Yes,1,0,24.41909132836911,Normal,No,Moderate
Lithium-Ion,0,No,1,1,20.235247723157503,Normal,Yes,Chance_of_Blast
Lead-Acid,0,No,0,0,38.92765370687491,Normal,No,
Lead-Acid,0,No,1,0,33.43020276231255,Overcharge,Yes,Good
Lead-Acid,1,No,1,0,24.028245527068265,Overcharge,No,Moderate
Lithium-Ion,0,Yes,1,0,48.738023631703115,Over-discharge,No,Moderate
Lithium-Ion,0,No,1,0,35.8897917183686,Overcharge,No,Moderate
Lithium-Ion,1,No,0,1,27.256798823386674,Overcharge,No,Chance_of_Blast
Lead-Acid,0,Yes,1,0,35.01810713464123,Overcharge,No,Moderate
Lead-Acid,1,No,1,1,40.38860998205323,Normal,No,Blast
Lithium-Ion,1,Yes,0,1,22.287176539206936,Over-discharge,Yes,Chance_of_Blast
Lithium-Ion,1,Yes,0,1,28.241114451436758,Over-discharge,Yes,Chance_of_Blast
Lithium-Ion,0,Yes,1,1,44.20896472651981,Over-discharge,No,Chance_of_Blast
Lithium-Ion,0,No,0,1,33.78994611207984,Over-discharge,Yes,Chance_of_Blast
Lead-Acid,0,No,1,0,36.39731426096885,Overcharge,No,Moderate
Lithium-Ion,1,Yes,1,0,32.98448006628408,Overcharge,Yes,Good
Lead-Acid,0,No,0,0,21.316998279290154,Normal,No,
Lithium-Ion,0,No,1,1,24.972493394604676,Over-discharge,Yes,Chance_of_Blast
Lead-Acid,0,Yes,1,0,33.36624916225673,Overcharge,No,Moderate
Lithium-Ion,1,Yes,1,0,26.275563962237833,Overcharge,Yes,Good
Lithium-Ion,1,No,1,1,21.49937085979036,Normal,No,Chance_of_Blast
Lithium-Ion,0,Yes,0,1,45.309489921554714,Normal,Yes,Chance_of_Blast
Lithium-Ion,0,No,0,1,49.43577587492348,Normal,No,Chance_of_Blast
Lead-Acid,0,No,1,1,43.79428621990218,Overcharge,No,Blast
Lithium-Ion,0,No,0,0,45.61354765114001,Overcharge,No,Moderate
Lead-Acid,1,No,1,1,27.259313909511363,Normal,Yes,Blast
Lead-Acid,1,Yes,1,1,48.81880926539599,Over-discharge,Yes,Blast
Lead-Acid,1,Yes,1,0,25.90777113360285,Normal,Yes,Moderate
Lead-Acid,1,Yes,1,0,48.54289431085497,Normal,No,Moderate
Lithium-Ion,0,Yes,1,1,49.84457881897853,Normal,Yes,Chance_of_Blast
Lead-Acid,0,No,0,0,41.35168417238146,Normal,No,
Lead-Acid,0,No,1,1,49.43431195375466,Overcharge,Yes,Blast
Lead-Acid,1,Yes,0,1,37.08619338701311,Over-discharge,Yes,Blast
Lithium-Ion,0,No,0,0,27.78625349528271,Normal,Yes,
Lithium-Ion,1,No,1,0,33.10987656996863,Over-discharge,Yes,Good
Lithium-Ion,1,No,1,1,37.806828061363575,Over-discharge,No,Chance_of_Blast
Lithium-Ion,0,Yes,1,1,22.19244686081045,Over-discharge,Yes,Chance_of_Blast
Lead-Acid,0,Yes,1,1,38.67029793851738,Normal,Yes,Blast
Lead-Acid,0,Yes,1,0,49.435335102868834,Overcharge,No,Moderate
Lithium-Ion,1,No,0,1,25.703229493511827,Normal,No,Chance_of_Blast
Lead-Acid,0,Yes,1,1,43.7778534886515,Over-discharge,Yes,Blast
Lead-Acid,1,Yes,1,1,47.236963813388584,Over-discharge,Yes,Blast
Lead-Acid,0,Yes,0,1,48.31104778460663,Overcharge,No,Blast
Lithium-Ion,1,Yes,0,1,48.804068132163415,Normal,No,Chance_of_Blast
Lithium-Ion,1,Yes,1,0,35.64378916164416,Over-discharge,No,Moderate
Lead-Acid,0,Yes,0,1,49.31923723974511,Overcharge,Yes,Blast
Lithium-Ion,1,No,1,1,42.71930621403317,Over-discharge,Yes,Chance_of_Blast
Lithium-Ion,1,No,0,1,24.850143087108858,Overcharge,Yes,Chance_of_Blast
Lithium-Ion,0,Yes,0,1,34.3070031940391,Overcharge,No,Chance_of_Blast
Lithium-Ion,1,Yes,1,0,41.549935261160115,Normal,No,Moderate
Lithium-Ion,0,No,0,0,27.420209474572502,Over-discharge,No,Moderate
Lead-Acid,1,No,0,0,39.218455506466626,Normal,Yes,
Lithium-Ion,0,Yes,0,1,39.998014371398575,Over-discharge,No,Chance_of_Blast
Lead-Acid,0,Yes,0,1,24.88099231425698,Normal,Yes,Blast
Lead-Acid,1,Yes,0,0,36.95255937358269,Over-discharge,No,Moderate
Lithium-Ion,1,Yes,0,0,43.148807329358235,Normal,Yes,
Lead-Acid,1,No,1,0,34.966869936078254,Overcharge,Yes,Good
Lead-Acid,1,Yes,1,1,20.363093503283224,Over-discharge,No,Blast
Lead-Acid,1,Yes,0,1,20.271154072378764,Over-discharge,Yes,Blast
Lithium-Ion,0,Yes,1,0,30.710880319100365,Overcharge,No,Moderate
Lithium-Ion,1,Yes,1,0,47.78582205295346,Normal,Yes,Moderate
Lead-Acid,0,No,1,0,26.860303388108264,Over-discharge,No,Moderate
Lithium-Ion,0,No,0,1,39.03091066615062,Over-discharge,No,Chance_of_Blast
Lithium-Ion,1,No,1,1,26.662276120799618,Normal,Yes,Chance_of_Blast
Lithium-Ion,0,Yes,0,1,29.650099689786458,Overcharge,No,Chance_of_Blast
Lithium-Ion,0,Yes,1,0,45.44126268804452,Normal,Yes,Moderate
Lead-Acid,0,No,0,0,41.8658432680984,Normal,No,
Lead-Acid,0,Yes,0,1,22.861978319396318,Normal,No,Blast
Lithium-Ion,1,Yes,1,0,32.86106062959301,Over-discharge,No,Moderate
Lithium-Ion,0,No,1,1,20.875092909357935,Overcharge,No,Chance_of_Blast
Lead-Acid,1,No,0,0,34.426704398090266,Overcharge,Yes,Good
Lead-Acid,1,No,1,0,39.87302035103204,Normal,No,Moderate
Lithium-Ion,0,No,1,0,23.555078707944546,Over-discharge,No,Moderate
Lead-Acid,1,Yes,1,0,28.666548167274968,Normal,Yes,Moderate
Lithium-Ion,1,Yes,0,1,31.93509876506471,Over-discharge,Yes,Chance_of_Blast
Lithium-Ion,1,No,0,0,47.585930739681494,Over-discharge,Yes,Good
Lead-Acid,0,Yes,1,1,49.79765046268892,Over-discharge,Yes,Blast
Lead-Acid,1,No,1,1,21.347338969868474,Over-discharge,Yes,Blast
Lithium-Ion,1,No,1,1,42.83023770486176,Overcharge,Yes,Chance_of_Blast
Lithium-Ion,1,Yes,0,0,31.151721992070296,Over-discharge,No,Moderate
Lead-Acid,0,No,0,1,31.773745586884402,Over-discharge,Yes,Blast
Lithium-Ion,1,Yes,1,1,42.62794920041068,Normal,No,Chance_of_Blast
Lead-Acid,0,Yes,1,1,47.552792964362254,Normal,Yes,Blast
Lithium-Ion,0,Yes,1,0,48.52785783507645,Overcharge,No,Moderate
Lead-Acid,0,Yes,1,0,37.31367758114962,Normal,No,Moderate
Lead-Acid,0,No,1,1,30.713634779015084,Over-discharge,No,Blast
Lead-Acid,0,Yes,1,0,43.62647257576337,Normal,Yes,Moderate
Lithium-Ion,0,No,0,1,27.530041497869007,Overcharge,Yes,Chance_of_Blast
Lithium-Ion,1,No,1,1,36.92222086500553,Normal,Yes,Chance_of_Blast
Lead-Acid,0,No,0,0,30.757353845746195,Normal,Yes,
Lithium-Ion,1,No,1,1,39.69893221123628,Overcharge,No,Chance_of_Blast
Lead-Acid,1,Yes,1,0,27.211967386805206,Overcharge,Yes,Good
Lead-Acid,0,Yes,0,0,25.747788372044774,Over-discharge,No,Moderate
Lithium-Ion,1,No,0,1,47.54717260026311,Normal,No,Chance_of_Blast
Lithium-Ion,1,No,0,0,23.054110488486106,Over-discharge,Yes,Good
Lead-Acid,1,Yes,0,0,35.17873723204795,Normal,Yes,
Lithium-Ion,1,No,1,1,26.625583488890268,Normal,Yes,Chance_of_Blast
Lithium-Ion,0,Yes,0,1,21.167898899770023,Over-discharge,No,Chance_of_Blast
Lead-Acid,1,No,1,0,21.080564548742792,Normal,Yes,Moderate
Lead-Acid,0,Yes,0,0,25.25665316317482,Normal,No,
Lithium-Ion,1,No,1,1,46.00311063518001,Normal,Yes,Chance_of_Blast
Lead-Acid,1,No,1,0,28.4743623193108,Overcharge,No,Moderate
Lead-Acid,0,Yes,1,0,48.513775117258874,Over-discharge,Yes,Good
Lithium-Ion,1,No,1,0,37.44866878967581,Overcharge,Yes,Good
Lead-Acid,1,No,1,0,33.09842569306298,Over-discharge,No,Moderate
Lead-Acid,1,Yes,1,0,37.40266504008363,Over-discharge,Yes,Good
Lithium-Ion,0,No,0,0,35.50095155678803,Normal,Yes,
Lithium-Ion,1,Yes,1,0,42.76328761271975,Over-discharge,Yes,Good
Lead-Acid,0,Yes,0,1,28.474881979185568,Overcharge,Yes,Blast
Lead-Acid,1,No,0,1,30.591511748009072,Overcharge,Yes,Blast
Lithium-Ion,0,No,1,1,46.82282907599752,Overcharge,Yes,Chance_of_Blast
Lithium-Ion,0,No,0,1,48.393695394512164,Over-discharge,Yes,Chance_of_Blast
Lithium-Ion,1,No,1,1,46.776746824594234,Overcharge,No,Chance_of_Blast
Lithium-Ion,1,No,0,0,32.583439818719405,Over-discharge,No,Moderate
Lead-Acid,0,No,1,0,43.410965090206446,Overcharge,Yes,Good
Lithium-Ion,0,No,0,0,34.29007199903296,Overcharge,Yes,Good
Lithium-Ion,1,Yes,1,0,34.926195564383065,Over-discharge,Yes,Good
Lead-Acid,0,No,1,1,26.14040327171852,Overcharge,No,Blast
Lithium-Ion,1,Yes,1,0,37.73390909775549,Normal,No,Moderate
Lead-Acid,1,No,1,0,25.58407693260044,Over-discharge,Yes,Good
Lithium-Ion,1,No,0,1,29.946940972015813,Over-discharge,No,Chance_of_Blast
Lithium-Ion,1,Yes,1,0,45.65090604859805,Over-discharge,Yes,Good
Lithium-Ion,0,No,0,0,26.212274276325658,Normal,Yes,
Lead-Acid,1,No,0,1,22.134748555202982,Over-discharge,Yes,Blast
Lead-Acid,0,Yes,0,0,22.07022777838449,Overcharge,Yes,Good
Lithium-Ion,1,No,1,0,48.22353561509324,Overcharge,No,Moderate
Lead-Acid,0,No,0,0,35.20761313885504,Overcharge,No,Moderate
Lead-Acid,1,No,0,0,32.28236215451055,Over-discharge,Yes,Good
Lead-Acid,0,Yes,0,0,44.32635743023755,Overcharge,No,Moderate
Lead-Acid,0,No,1,1,45.07477783731548,Over-discharge,No,Blast
Lead-Acid,1,No,1,1,29.96573099346814,Overcharge,Yes,Blast
Lead-Acid,1,No,0,1,40.80854172421385,Normal,No,Blast
Lithium-Ion,1,No,1,1,43.1336844755566,Normal,Yes,Chance_of_Blast
Lithium-Ion,1,Yes,1,1,39.63952060597863,Normal,Yes,Chance_of_Blast
Lead-Acid,0,Yes,0,1,24.547852244002982,Normal,Yes,Blast
Lithium-Ion,1,No,0,0,46.27649250551171,Over-discharge,Yes,Good
Lithium-Ion,0,No,1,1,36.172836582080265,Overcharge,No,Chance_of_Blast
Lithium-Ion,0,Yes,0,1,28.47417279110011,Normal,Yes,Chance_of_Blast
Lithium-Ion,1,Yes,1,0,32.75684556313082,Over-discharge,No,Moderate
Lead-Acid,0,No,1,0,21.12713271196722,Normal,Yes,Moderate
Lithium-Ion,0,Yes,1,1,23.836004036672527,Normal,Yes,Chance_of_Blast
Lithium-Ion,0,No,1,0,42.96640251547582,Over-discharge,No,Moderate
Lead-Acid,0,Yes,1,1,20.000349042660986,Over-discharge,Yes,Blast
Lead-Acid,1,Yes,1,0,32.49697485446877,Overcharge,No,Moderate
Lithium-Ion,1,Yes,0,1,35.675305432567654,Overcharge,No,Chance_of_Blast
Lithium-Ion,1,Yes,0,0,21.639032600029168,Normal,Yes,
Lithium-Ion,1,No,1,0,49.19234488916999,Normal,Yes,Moderate
Lithium-Ion,0,Yes,1,1,26.78375993749016,Overcharge,Yes,Chance_of_Blast
Lithium-Ion,0,Yes,1,1,29.125961589088426,Overcharge,Yes,Chance_of_Blast
Lithium-Ion,1,No,0,1,29.11827536765082,Over-discharge,Yes,Chance_of_Blast
Lead-Acid,1,Yes,1,1,26.912499863520498,Overcharge,Yes,Blast
Lithium-Ion,1,Yes,0,1,20.044214662589344,Overcharge,No,Chance_of_Blast
Lithium-Ion,0,No,1,0,41.88034382263989,Normal,No,Moderate
Lead-Acid,1,Yes,1,1,49.00536499397856,Overcharge,Yes,Blast
Lead-Acid,1,No,0,1,26.72880449855135,Normal,No,Blast
Lead-Acid,1,No,0,0,39.891415754102674,Overcharge,No,Moderate
Lead-Acid,0,No,1,0,42.25688980876146,Over-discharge,Yes,Good
Lithium-Ion,0,No,1,1,45.45276137271574,Overcharge,Yes,Chance_of_Blast
Lithium-Ion,0,Yes,1,0,32.67887591040827,Overcharge,No,Moderate
Lithium-Ion,0,No,0,0,29.087927169212875,Overcharge,Yes,Good
Lithium-Ion,0,Yes,0,1,29.758854020690933,Normal,No,Chance_of_Blast
Lithium-Ion,0,Yes,0,0,41.378639992955385,Over-discharge,Yes,Good
Lithium-Ion,0,Yes,0,0,44.50338399516908,Overcharge,No,Moderate
Lead-Acid,0,Yes,0,1,25.44841903269808,Normal,No,Blast
Lithium-Ion,1,Yes,0,1,31.128230244732954,Over-discharge,No,Chance_of_Blast
Lead-Acid,1,Yes,1,0,47.0582059024745,Normal,No,Moderate
Lead-Acid,0,Yes,1,0,44.20080559084218,Normal,Yes,Moderate
Lithium-Ion,0,Yes,0,1,49.54575208287427,Over-discharge,Yes,Chance_of_Blast
Lead-Acid,1,Yes,1,0,42.627447790462426,Overcharge,No,Moderate
Lithium-Ion,0,Yes,1,0,31.79585603083767,Normal,No,Moderate
Lead-Acid,0,No,0,0,37.71913501983913,Normal,Yes,
Lithium-Ion,0,No,1,1,39.83042762741961,Overcharge,Yes,Chance_of_Blast
Lead-Acid,1,No,0,0,22.35367448951372,Overcharge,No,Moderate
Lithium-Ion,1,Yes,0,0,36.334908773115956,Over-discharge,No,Moderate
Lithium-Ion,1,No,1,1,41.27962485417829,Over-discharge,No,Chance_of_Blast
Lithium-Ion,1,No,0,0,25.019639120031812,Over-discharge,No,Moderate
Lithium-Ion,1,No,0,0,43.41895152276672,Overcharge,No,Moderate
Lithium-Ion,0,Yes,0,1,37.51318341542335,Normal,Yes,Chance_of_Blast
Lead-Acid,1,Yes,0,1,48.56665357092784,Normal,No,Blast
Lead-Acid,0,Yes,0,1,21.27266894620675,Over-discharge,Yes,Blast
Lead-Acid,0,Yes,0,1,27.959784126664008,Overcharge,Yes,Blast
Lithium-Ion,1,No,0,0,38.04661637899472,Normal,Yes,
Lead-Acid,1,No,0,0,28.89679736617792,Over-discharge,No,Moderate
Lithium-Ion,0,No,1,1,41.43272492213727,Normal,Yes,Chance_of_Blast
Lithium-Ion,0,No,1,1,42.77015847565793,Normal,Yes,Chance_of_Blast
Lead-Acid,0,Yes,1,0,23.075478921994232,Overcharge,Yes,Good
Lead-Acid,1,Yes,0,1,35.41563392620303,Overcharge,Yes,Blast
Lithium-Ion,1,Yes,0,0,35.26671666773168,Normal,No,
Lead-Acid,1,No,1,1,31.078423106466232,Over-discharge,No,Blast
Lithium-Ion,1,Yes,1,0,47.98774587709016,Overcharge,Yes,Good
Lithium-Ion,1,Yes,1,1,44.82518959619664,Normal,Yes,Chance_of_Blast
Lithium-Ion,0,No,0,1,40.9162814572891,Overcharge,No,Chance_of_Blast
Lithium-Ion,1,No,1,0,41.42979907204993,Overcharge,No,Moderate
Lithium-Ion,0,Yes,1,1,33.85148431439357,Overcharge,No,Chance_of_Blast
Lead-Acid,0,Yes,0,0,47.629835632897276,Normal,Yes,
Lead-Acid,0,Yes,1,0,40.83786281759856,Over-discharge,No,Moderate
Lithium-Ion,1,Yes,0,0,41.8694318496745,Over-discharge,Yes,Good
Lithium-Ion,1,Yes,0,0,45.85072711362036,Over-discharge,Yes,Good
Lead-Acid,1,Yes,0,0,28.222147680265728,Overcharge,No,Moderate
Lead-Acid,0,No,1,1,44.212127116001085,Normal,Yes,Blast
Lithium-Ion,0,No,1,1,25.85721808869476,Overcharge,No,Chance_of_Blast
Lead-Acid,0,No,0,0,30.360258567346634,Over-discharge,Yes,Good
Lithium-Ion,0,Yes,1,1,30.068313628095282,Over-discharge,No,Chance_of_Blast
Lead-Acid,0,No,1,0,49.355764051674214,Normal,Yes,Moderate
Lithium-Ion,0,Yes,1,1,45.69611671243781,Overcharge,Yes,Chance_of_Blast
Lead-Acid,1,Yes,1,1,41.035095847707794,Over-discharge,No,Blast
Lithium-Ion,1,No,0,1,41.81170284846171,Normal,No,Chance_of_Blast
Lead-Acid,1,Yes,1,1,36.862183832077136,Overcharge,No,Blast
Lead-Acid,1,Yes,0,0,48.41272001325557,Overcharge,No,Moderate
Lithium-Ion,0,No,0,0,34.88776258647084,Over-discharge,Yes,Good
Lead-Acid,0,No,1,1,31.415531296096837,Over-discharge,No,Blast
Lithium-Ion,1,No,0,1,24.89106010794773,Overcharge,No,Chance_of_Blast
Lead-Acid,0,Yes,1,0,43.58616956783174,Overcharge,Yes,Good
Lithium-Ion,1,No,1,1,42.033317962267745,Over-discharge,No,Chance_of_Blast
Lead-Acid,1,No,0,0,31.530651155724044,Overcharge,No,Moderate
Lithium-Ion,1,Yes,0,0,20.75580241877688,Over-discharge,Yes,Good
Lead-Acid,0,No,0,0,45.16991983154033,Overcharge,No,Moderate
Lithium-Ion,1,No,0,1,20.34253950362221,Over-discharge,No,Chance_of_Blast
Lead-Acid,1,No,1,0,41.11099338887153,Normal,No,Moderate
Lithium-Ion,1,Yes,1,1,49.10771329178171,Over-discharge,No,Chance_of_Blast
Lithium-Ion,0,Yes,1,0,33.1298398444461,Over-discharge,No,Moderate
Lithium-Ion,0,Yes,0,1,27.04920214987858,Normal,No,Chance_of_Blast
Lead-Acid,1,Yes,0,1,41.146130301301454,Overcharge,Yes,Blast
Lithium-Ion,0,No,0,1,44.51384426046755,Normal,No,Chance_of_Blast
Lead-Acid,0,Yes,1,0,36.39290948233542,Over-discharge,Yes,Good
Lithium-Ion,0,Yes,0,0,49.01105825768438,Overcharge,Yes,Good
Lead-Acid,0,No,1,1,21.550061649738833,Normal,Yes,Blast
Lithium-Ion,0,No,0,1,35.143867949135846,Overcharge,Yes,Chance_of_Blast
Lead-Acid,0,No,1,1,41.5536184196765,Overcharge,No,Blast
Lead-Acid,0,Yes,1,0,45.87921413447537,Normal,No,Moderate
Lithium-Ion,0,Yes,0,0,25.377668357233702,Overcharge,No,Moderate
Lead-Acid,0,Yes,0,0,44.00010445291044,Normal,Yes,
Lead-Acid,0,No,1,0,36.58121227155635,Over-discharge,No,Moderate
Lithium-Ion,1,No,1,1,31.8966104596989,Overcharge,No,Chance_of_Blast
Lead-Acid,1,Yes,0,1,23.951450857372805,Over-discharge,No,Blast
Lead-Acid,0,No,0,0,45.95887276726737,Over-discharge,Yes,Good
Lead-Acid,1,No,1,0,24.71819624539146,Overcharge,Yes,Good
Lithium-Ion,1,No,0,1,29.29363577627298,Normal,No,Chance_of_Blast
Lead-Acid,0,Yes,1,0,28.701365958873104,Overcharge,Yes,Good
Lithium-Ion,0,No,1,0,46.142421025725625,Over-discharge,Yes,Good
Lead-Acid,0,No,0,0,40.18108982626694,Over-discharge,No,Moderate
Lead-Acid,1,Yes,0,0,43.90044191574117,Normal,Yes,
Lead-Acid,1,Yes,0,0,27.51403696377497,Overcharge,Yes,Good
Lithium-Ion,0,No,0,0,38.746222988209965,Over-discharge,No,Moderate
Lead-Acid,0,No,0,1,37.152379494312456,Over-discharge,Yes,Blast
Lead-Acid,0,Yes,1,0,44.98491130364813,Over-discharge,Yes,Good
Lithium-Ion,1,Yes,1,0,47.18261181443782,Normal,Yes,Moderate
Lead-Acid,1,No,0,1,20.364703144321606,Over-discharge,Yes,Blast
Lithium-Ion,1,No,0,1,40.220597571763776,Over-discharge,Yes,Chance_of_Blast
Lithium-Ion,1,No,0,1,21.55507397359187,Overcharge,Yes,Chance_of_Blast
Lead-Acid,0,No,1,0,36.46575995232068,Overcharge,Yes,Good
Lithium-Ion,0,Yes,0,1,28.628981871310344,Over-discharge,Yes,Chance_of_Blast
Lead-Acid,0,No,0,0,29.203297985664236,Over-discharge,No,Moderate
Lithium-Ion,0,No,1,0,30.588755103570698,Overcharge,No,Moderate
Lithium-Ion,1,Yes,1,0,38.63877347148831,Normal,No,Moderate
Lead-Acid,1,No,0,1,30.021498970063078,Normal,No,Blast
Lithium-Ion,0,Yes,0,1,41.98097151770841,Normal,Yes,Chance_of_Blast
Lithium-Ion,0,No,0,1,32.13582156721609,Normal,No,Chance_of_Blast
Lithium-Ion,1,No,1,1,22.050596009298758,Normal,No,Chance_of_Blast
Lithium-Ion,0,Yes,0,1,43.512795274523214,Normal,Yes,Chance_of_Blast
Lithium-Ion,1,Yes,0,0,28.57274973778118,Normal,Yes,
Lead-Acid,0,No,0,0,32.98300638797788,Normal,Yes,
Lithium-Ion,0,No,1,0,40.563316496657045,Overcharge,Yes,Good
Lead-Acid,0,No,1,0,29.97368471446136,Normal,Yes,Moderate
Lithium-Ion,0,Yes,0,1,21.69756968440147,Normal,No,Chance_of_Blast
Lead-Acid,0,No,0,1,31.217631410384406,Normal,Yes,Blast
Lead-Acid,0,Yes,1,0,48.333457480829104,Over-discharge,No,Moderate
Lithium-Ion,0,Yes,1,1,39.252031918956746,Overcharge,No,Chance_of_Blast
Lithium-Ion,1,No,1,1,40.14437446001621,Overcharge,Yes,Chance_of_Blast
Lithium-Ion,1,Yes,1,0,38.9684646091292,Overcharge,No,Moderate
Lead-Acid,1,No,1,0,25.969764168783104,Normal,No,Moderate
Lithium-Ion,1,No,1,1,32.5500159230684,Normal,Yes,Chance_of_Blast
Lead-Acid,1,No,1,1,42.52819395089955,Over-discharge,No,Blast
Lead-Acid,0,No,1,0,23.041186926594776,Overcharge,No,Moderate
Lead-Acid,0,No,1,0,28.335583282691367,Normal,No,Moderate
Lithium-Ion,1,Yes,0,0,28.289573253975608,Overcharge,Yes,Good
Lithium-Ion,0,Yes,0,1,32.96056782783518,Over-discharge,Yes,Chance_of_Blast
Lead-Acid,1,No,0,0,49.41106222826555,Over-discharge,Yes,Good
Lead-Acid,1,No,1,0,22.025076400514656,Over-discharge,No,Moderate
Lithium-Ion,0,Yes,0,1,35.561029831417855,Overcharge,Yes,Chance_of_Blast
Lead-Acid,0,Yes,1,1,25.380940460366315,Normal,No,Blast
Lithium-Ion,0,Yes,1,1,49.12029636229232,Normal,Yes,Chance_of_Blast
Lead-Acid,1,Yes,0,1,23.399105141823927,Over-discharge,No,Blast
Lithium-Ion,0,No,1,1,32.10803007084774,Normal,Yes,Chance_of_Blast
Lead-Acid,1,No,0,0,42.136549545038186,Over-discharge,Yes,Good
Lithium-Ion,1,Yes,0,0,41.13663284082336,Overcharge,No,Moderate
Lead-Acid,1,No,0,1,32.68185910681797,Over-discharge,Yes,Blast
Lithium-Ion,0,Yes,1,1,30.395725038581546,Overcharge,No,Chance_of_Blast
Lithium-Ion,0,No,0,1,31.92837135658612,Over-discharge,Yes,Chance_of_Blast
Lead-Acid,1,Yes,1,1,27.92828789475918,Normal,Yes,Blast
Lead-Acid,0,No,0,1,26.159988161203994,Normal,No,Blast
Lithium-Ion,0,Yes,0,0,34.4911909267667,Over-discharge,No,Moderate
Lead-Acid,0,Yes,0,0,28.056012682028218,Normal,No,
Lithium-Ion,1,No,1,0,28.623849946917503,Normal,Yes,Moderate
Lead-Acid,1,Yes,1,0,39.70268190423671,Normal,No,Moderate
Lithium-Ion,0,No,1,1,49.05611995099677,Overcharge,Yes,Chance_of_Blast
Lithium-Ion,1,No,0,0,38.10911601678126,Normal,No,
Lithium-Ion,0,Yes,0,1,22.30938401194899,Overcharge,No,Chance_of_Blast
Lithium-Ion,0,No,1,1,22.26750841562201,Over-discharge,No,Chance_of_Blast
Lithium-Ion,0,No,1,1,48.54269662536698,Normal,No,Chance_of_Blast
Lithium-Ion,0,No,1,0,28.91872370922001,Normal,No,Moderate
Lead-Acid,1,No,1,1,22.762009582474263,Normal,No,Blast
Lead-Acid,1,No,1,0,37.97133761451145,Over-discharge,Yes,Good
Lead-Acid,1,Yes,1,0,38.709463348707985,Overcharge,No,Moderate
Lithium-Ion,0,No,0,1,39.45514460356064,Overcharge,Yes,Chance_of_Blast
Lithium-Ion,0,No,1,1,28.02206083572624,Normal,No,Chance_of_Blast
Lithium-Ion,0,No,0,1,20.45332052643425,Over-discharge,No,Chance_of_Blast
Lithium-Ion,1,No,0,0,48.95046108363415,Over-discharge,No,Moderate
Lead-Acid,0,No,1,1,27.526791370733076,Over-discharge,Yes,Blast
Lead-Acid,1,Yes,1,0,40.28078864157642,Over-discharge,Yes,Good
Lithium-Ion,1,No,0,1,41.19889609636129,Over-discharge,No,Chance_of_Blast
Lead-Acid,1,Yes,1,1,38.30022251238457,Overcharge,Yes,Blast
Lead-Acid,1,Yes,1,0,29.387221826409444,Overcharge,No,Moderate
Lithium-Ion,1,Yes,0,0,28.132887612921973,Overcharge,No,Moderate
Lead-Acid,1,Yes,0,0,37.930048481081094,Normal,Yes,
Lithium-Ion,0,No,0,0,45.98286900835075,Over-discharge,Yes,Good
Lead-Acid,0,Yes,1,0,48.402011867701866,Normal,Yes,Moderate
Lithium-Ion,1,Yes,0,0,23.17717413211273,Over-discharge,Yes,Good
Lithium-Ion,1,No,1,1,24.644858377931595,Overcharge,No,Chance_of_Blast
Lithium-Ion,0,No,0,1,48.34208776349239,Normal,Yes,Chance_of_Blast
Lithium-Ion,1,No,0,0,42.09605685004378,Overcharge,Yes,Good
Lead-Acid,1,Yes,0,1,46.489814744893195,Over-discharge,No,Blast
Lithium-Ion,0,No,1,0,26.078979024060295,Over-discharge,Yes,Good
Lithium-Ion,1,No,1,1,37.627576133282055,Over-discharge,Yes,Chance_of_Blast
Lithium-Ion,1,Yes,0,1,41.03418783252421,Overcharge,Yes,Chance_of_Blast
Lead-Acid,1,No,0,0,40.403356563409176,Over-discharge,Yes,Good
Lithium-Ion,0,No,0,0,32.244550726000945,Overcharge,No,Moderate
Lead-Acid,0,No,1,0,20.461846750739255,Normal,No,Moderate
Lithium-Ion,0,No,0,1,37.4877817041279,Over-discharge,Yes,Chance_of_Blast
Lead-Acid,1,Yes,1,0,27.593046175388263,Over-discharge,Yes,Good
Lead-Acid,1,No,0,1,33.50762738428671,Over-discharge,No,Blast
Lithium-Ion,0,No,0,0,48.72743045251452,Normal,Yes,
Lead-Acid,1,Yes,0,1,31.97105952927304,Over-discharge,Yes,Blast
Lithium-Ion,1,No,0,1,45.1940481999328,Overcharge,Yes,Chance_of_Blast
Lithium-Ion,1,Yes,0,0,25.656218172477534,Overcharge,Yes,Good
Lithium-Ion,1,No,0,1,40.173814940750866,Over-discharge,Yes,Chance_of_Blast
Lead-Acid,1,Yes,1,1,49.3102086331683,Over-discharge,Yes,Blast
Lead-Acid,0,Yes,0,0,23.056793026188103,Normal,Yes,
Lithium-Ion,1,Yes,1,1,20.24959826681576,Normal,Yes,Chance_of_Blast
Lithium-Ion,0,Yes,0,0,33.00748377897843,Normal,Yes,
Lead-Acid,1,No,0,0,22.778764491541015,Over-discharge,No,Moderate
Lithium-Ion,0,Yes,1,0,42.45153049028694,Normal,No,Moderate
Lithium-Ion,1,No,0,0,47.436459915456766,Normal,No,
Lithium-Ion,0,Yes,1,1,33.02062918126276,Overcharge,Yes,Chance_of_Blast
Lead-Acid,1,Yes,1,1,27.76134926466323,Normal,Yes,Blast
Lead-Acid,0,Yes,0,1,33.03209957019829,Overcharge,No,Blast
Lead-Acid,1,No,1,0,41.70343453550003,Overcharge,Yes,Good
Lithium-Ion,0,Yes,1,1,20.27162484741113,Normal,No,Chance_of_Blast
Lithium-Ion,1,No,0,1,37.683619684540915,Overcharge,Yes,Chance_of_Blast
Lithium-Ion,0,No,1,0,38.39875054662137,Over-discharge,No,Moderate
Lead-Acid,0,No,0,0,39.13064740687807,Over-discharge,No,Moderate
Lithium-Ion,1,No,0,1,27.260662399426316,Normal,No,Chance_of_Blast
Lithium-Ion,1,No,0,0,41.421581701343804,Over-discharge,Yes,Good
Lithium-Ion,0,No,0,0,22.741744589953292,Overcharge,No,Moderate
Lithium-Ion,1,No,1,0,25.978110094004023,Over-discharge,Yes,Good
Lead-Acid,0,No,0,0,46.32410139963446,Normal,Yes,
Lead-Acid,0,No,0,1,42.16169452179699,Normal,Yes,Blast
Lithium-Ion,0,Yes,1,0,20.412366620340357,Overcharge,Yes,Good
Lead-Acid,1,Yes,0,0,27.451287811094005,Normal,Yes,
Lead-Acid,0,Yes,0,0,26.432194489794938,Over-discharge,Yes,Good
Lithium-Ion,0,Yes,1,0,28.124189841109178,Normal,Yes,Moderate
Lithium-Ion,1,Yes,1,0,27.42679310839659,Overcharge,No,Moderate
Lead-Acid,1,No,1,0,21.875788872285373,Normal,No,Moderate
Lithium-Ion,1,No,1,0,33.768215497904606,Over-discharge,No,Moderate
Lead-Acid,1,No,1,0,41.98200424358495,Overcharge,Yes,Good
Lithium-Ion,0,No,1,1,38.20195174152309,Over-discharge,Yes,Chance_of_Blast
Lead-Acid,0,No,1,0,40.18615005794239,Overcharge,Yes,Good
Lithium-Ion,0,No,0,1,22.434475356087177,Normal,Yes,Chance_of_Blast
Lead-Acid,0,No,1,0,48.54472130530362,Overcharge,No,Moderate
Lead-Acid,1,Yes,1,0,45.154755015290746,Overcharge,Yes,Good
Lead-Acid,0,Yes,1,0,44.15270955486988,Normal,No,Moderate
Lithium-Ion,0,Yes,0,0,44.68951415125302,Over-discharge,Yes,Good
Lead-Acid,1,Yes,0,1,47.98131524398284,Normal,No,Blast
Lead-Acid,0,No,1,0,36.32761898341093,Overcharge,Yes,Good
Lithium-Ion,0,No,1,0,26.008460536028778,Normal,No,Moderate
Lithium-Ion,0,No,1,1,38.503508235576234,Overcharge,Yes,Chance_of_Blast
Lead-Acid,0,Yes,0,1,42.28644481003817,Normal,No,Blast
Lead-Acid,0,No,0,0,42.13752180062076,Normal,Yes,
Lithium-Ion,0,No,1,1,35.6434707250064,Over-discharge,No,Chance_of_Blast
Lithium-Ion,1,No,0,1,22.05376158000734,Overcharge,No,Chance_of_Blast
Lithium-Ion,1,Yes,1,1,31.133388152903834,Over-discharge,Yes,Chance_of_Blast
Lithium-Ion,0,No,0,0,47.62299825390072,Overcharge,No,Moderate
Lithium-Ion,0,Yes,0,0,37.533467292722776,Normal,Yes,
Lead-Acid,1,Yes,1,0,36.149958297671404,Overcharge,Yes,Good
Lithium-Ion,0,Yes,1,1,28.065605431465805,Over-discharge,Yes,Chance_of_Blast
Lead-Acid,0,Yes,1,0,31.053467597497367,Over-discharge,No,Moderate
Lead-Acid,0,No,1,1,46.86038267459508,Over-discharge,No,Blast
Lead-Acid,1,Yes,0,0,39.993891425805074,Overcharge,Yes,Good
Lithium-Ion,0,Yes,0,0,43.62161080256999,Over-discharge,Yes,Good
Lead-Acid,1,No,0,1,33.63036269202965,Over-discharge,No,Blast
Lead-Acid,0,No,1,0,38.907416583684736,Over-discharge,No,Moderate
Lithium-Ion,1,Yes,0,1,27.451508262296226,Normal,No,Chance_of_Blast
Lead-Acid,1,No,1,1,41.16382490850459,Normal,Yes,Blast
Lead-Acid,0,Yes,0,0,32.82804001110012,Overcharge,Yes,Good
Lithium-Ion,1,Yes,1,1,33.27636544444237,Overcharge,Yes,Chance_of_Blast
Lead-Acid,0,Yes,1,0,39.47966973730645,Over-discharge,Yes,Good
Lead-Acid,1,Yes,0,0,48.0884186440678,Normal,Yes,
Lead-Acid,0,No,1,1,21.920190398258626,Over-discharge,No,Blast
Lithium-Ion,0,Yes,1,0,44.74229712041023,Over-discharge,Yes,Good
Lithium-Ion,1,No,0,1,28.77149331236579,Normal,No,Chance_of_Blast
Lithium-Ion,0,No,1,0,33.31758363519133,Normal,No,Moderate
Lead-Acid,0,No,1,0,20.65739986325027,Normal,Yes,Moderate
Lead-Acid,1,No,1,0,29.03138233502939,Overcharge,No,Moderate
Lithium-Ion,0,Yes,0,0,35.078937278903915,Overcharge,Yes,Good
Lead-Acid,0,No,0,0,21.68528232042317,Over-discharge,No,Moderate
Lead-Acid,1,Yes,1,1,34.73287188149496,Overcharge,Yes,Blast
Lithium-Ion,1,No,0,1,47.81331886575282,Normal,Yes,Chance_of_Blast
Lithium-Ion,0,No,1,1,23.161796543234157,Normal,No,Chance_of_Blast
Lead-Acid,0,Yes,1,1,42.93322184226513,Overcharge,Yes,Blast
Lead-Acid,1,Yes,1,1,32.29013160127978,Over-discharge,No,Blast
Lead-Acid,1,Yes,1,1,39.65521143573014,Over-discharge,Yes,Blast
Lithium-Ion,0,No,1,0,27.807097939556883,Overcharge,Yes,Good
Lithium-Ion,1,No,0,0,24.78476787624075,Over-discharge,Yes,Good
Lithium-Ion,0,Yes,1,1,24.813878428136793,Over-discharge,No,Chance_of_Blast
Lithium-Ion,0,Yes,0,1,22.11475836929434,Over-discharge,No,Chance_of_Blast
Lead-Acid,0,Yes,0,0,25.56940114703729,Normal,Yes,
Lithium-Ion,0,Yes,1,0,39.92658154966905,Normal,No,Moderate
Lithium-Ion,0,No,1,0,46.45071835530524,Overcharge,Yes,Good
Lithium-Ion,1,Yes,0,1,44.423770567734856,Normal,No,Chance_of_Blast
Lithium-Ion,1,Yes,0,1,40.55402929623452,Over-discharge,No,Chance_of_Blast
Lithium-Ion,1,Yes,0,1,23.31295590233308,Normal,Yes,Chance_of_Blast
Lead-Acid,1,Yes,1,0,28.675623388878495,Overcharge,Yes,Good
Lead-Acid,0,No,0,0,29.29420625967407,Normal,Yes,
Lithium-Ion,0,Yes,1,1,27.498708391928638,Over-discharge,Yes,Chance_of_Blast
Lead-Acid,0,No,1,1,35.45016979129169,Over-discharge,Yes,Blast
Lithium-Ion,0,Yes,1,0,36.066614446390176,Overcharge,No,Moderate
Lithium-Ion,1,Yes,0,0,30.706579255133306,Normal,No,
Lead-Acid,0,No,1,0,30.61367476209308,Normal,Yes,Moderate
Lead-Acid,0,Yes,1,0,44.856667937182436,Normal,Yes,Moderate
Lithium-Ion,1,No,1,1,43.67878544959056,Over-discharge,Yes,Chance_of_Blast
Lithium-Ion,1,No,1,0,29.23387495042237,Overcharge,No,Moderate
Lithium-Ion,1,Yes,1,0,47.41365331619778,Normal,Yes,Moderate
Lead-Acid,1,No,0,0,48.584450510075186,Over-discharge,Yes,Good
Lithium-Ion,0,No,1,1,29.802276260901223,Over-discharge,No,Chance_of_Blast
Lithium-Ion,0,No,1,1,30.632748463791646,Over-discharge,No,Chance_of_Blast
Lithium-Ion,1,No,0,0,35.169024602658766,Normal,No,
Lead-Acid,0,No,1,0,48.233624376010205,Normal,No,Moderate
Lithium-Ion,0,No,0,0,46.289582994269345,Normal,Yes,
Lithium-Ion,0,No,1,1,23.077038877507693,Normal,No,Chance_of_Blast
Lead-Acid,1,No,0,1,31.781922298142486,Normal,No,Blast
Lithium-Ion,0,Yes,0,1,36.60113569249316,Normal,Yes,Chance_of_Blast
Lithium-Ion,1,Yes,1,0,35.0939741765462,Normal,Yes,Moderate
Lead-Acid,0,No,1,1,25.81589203810678,Normal,Yes,Blast
Lithium-Ion,0,Yes,1,0,45.76450313504464,Normal,No,Moderate
Lead-Acid,0,No,0,0,40.30822348990512,Over-discharge,Yes,Good
Lead-Acid,1,No,0,0,45.13725124555411,Normal,No,
Lithium-Ion,0,Yes,0,1,45.76292838048417,Overcharge,No,Chance_of_Blast
Lithium-Ion,1,No,1,0,42.450675609972194,Over-discharge,No,Moderate
Lithium-Ion,1,No,0,1,33.17631803749152,Normal,Yes,Chance_of_Blast
Lithium-Ion,1,No,0,1,38.316402650462734,Overcharge,No,Chance_of_Blast
Lead-Acid,0,No,1,0,24.810962183592295,Normal,Yes,Moderate
Lithium-Ion,0,Yes,0,0,40.209362524247226,Overcharge,Yes,Good
Lead-Acid,0,No,0,1,25.377597672178425,Overcharge,Yes,Blast
Lithium-Ion,0,No,1,0,40.818487715304705,Overcharge,No,Moderate
Lithium-Ion,1,No,0,1,26.887944822619062,Overcharge,No,Chance_of_Blast
Lithium-Ion,1,Yes,1,0,23.5265390045066,Over-discharge,No,Moderate
Lead-Acid,1,No,1,1,24.958534704288724,Over-discharge,Yes,Blast
Lithium-Ion,0,Yes,1,1,20.059764056572106,Overcharge,No,Chance_of_Blast
Lithium-Ion,1,Yes,1,1,41.56218853560591,Normal,No,Chance_of_Blast
Lithium-Ion,0,No,1,1,41.97203147175137,Overcharge,No,Chance_of_Blast
Lithium-Ion,1,No,0,0,35.448000497397786,Over-discharge,No,Moderate
Lead-Acid,0,Yes,0,0,24.84088403166151,Normal,No,
Lithium-Ion,0,No,1,1,22.506630125320694,Over-discharge,Yes,Chance_of_Blast
Lead-Acid,1,Yes,1,1,20.57386899311861,Over-discharge,Yes,Blast
Lead-Acid,1,Yes,0,0,24.972445308956623,Normal,Yes,
Lead-Acid,1,No,1,0,46.72566604949441,Overcharge,Yes,Good
Lead-Acid,1,No,1,0,27.24610525105045,Overcharge,No,Moderate
Lead-Acid,0,Yes,1,0,30.62813981651647,Overcharge,Yes,Good
Lead-Acid,1,Yes,0,0,23.160364534439996,Overcharge,No,Moderate
Lithium-Ion,1,Yes,0,0,26.67083914244511,Normal,Yes,
Lead-Acid,1,Yes,1,1,35.576737123406154,Normal,Yes,Blast
Lead-Acid,0,No,1,0,38.23258049286957,Normal,Yes,Moderate
Lead-Acid,0,No,0,0,27.36056942498633,Over-discharge,No,Moderate
Lithium-Ion,1,No,0,1,21.731964776753514,Normal,No,Chance_of_Blast
Lithium-Ion,0,No,1,0,31.73098607382196,Overcharge,Yes,Good
Lead-Acid,1,No,1,0,27.026101127790024,Over-discharge,No,Moderate
Lithium-Ion,0,Yes,0,0,26.58661769689406,Overcharge,Yes,Good
Lead-Acid,0,No,0,0,48.795884081403656,Overcharge,Yes,Good
Lead-Acid,0,No,0,0,38.48901457777173,Normal,Yes,
Lithium-Ion,0,No,1,1,36.70635329516288,Normal,No,Chance_of_Blast
Lead-Acid,1,No,0,0,32.473253105699655,Overcharge,Yes,Good
Lithium-Ion,1,No,1,1,32.86833000290433,Overcharge,Yes,Chance_of_Blast
Lithium-Ion,1,Yes,0,1,36.22715011514242,Over-discharge,Yes,Chance_of_Blast
Lead-Acid,0,Yes,0,0,40.89289421108322,Normal,No,
Lead-Acid,1,Yes,0,1,41.06438288545488,Over-discharge,Yes,Blast
Lithium-Ion,1,No,0,0,25.150817231163487,Over-discharge,No,Moderate
Lead-Acid,1,Yes,1,1,35.00338256229881,Over-discharge,Yes,Blast
Lead-Acid,0,Yes,1,1,32.35874285102306,Overcharge,No,Blast
Lead-Acid,0,No,0,0,46.115808988081525,Over-discharge,Yes,Good
Lithium-Ion,0,No,1,0,38.94256763655129,Over-discharge,Yes,Good
Lithium-Ion,1,No,0,0,35.97512199247946,Overcharge,No,Moderate
Lead-Acid,1,Yes,0,0,23.461839265367523,Normal,No,
Lithium-Ion,1,Yes,0,0,38.16913667970235,Normal,Yes,
Lithium-Ion,0,No,0,1,23.516117170407004,Over-discharge,No,Chance_of_Blast
Lithium-Ion,0,No,1,1,30.116197266972563,Overcharge,Yes,Chance_of_Blast
Lithium-Ion,1,Yes,0,1,24.285258944429955,Normal,Yes,Chance_of_Blast
Lithium-Ion,0,Yes,0,1,40.76220941073107,Over-discharge,Yes,Chance_of_Blast
Lead-Acid,0,No,1,1,26.18756341508458,Over-discharge,No,Blast
Lead-Acid,0,No,0,1,31.75578119564078,Overcharge,Yes,Blast
Lead-Acid,0,Yes,0,1,46.87024332856336,Over-discharge,No,Blast
Lithium-Ion,1,No,0,0,26.12949150196911,Normal,Yes,
Lithium-Ion,0,Yes,1,0,35.234151918763374,Overcharge,No,Moderate
Lead-Acid,0,Yes,0,1,32.578149834980664,Normal,No,Blast
Lithium-Ion,0,Yes,1,1,20.54372123137189,Normal,Yes,Chance_of_Blast
Lead-Acid,0,Yes,0,0,43.782743407184384,Normal,No,
Lead-Acid,1,No,0,0,22.071377189437992,Over-discharge,Yes,Good
Lead-Acid,1,No,1,0,34.227650629308606,Over-discharge,Yes,Good
Lithium-Ion,0,Yes,0,0,36.8203488481685,Normal,Yes,
Lithium-Ion,0,Yes,0,1,38.85279369843761,Normal,Yes,Chance_of_Blast
Lead-Acid,0,Yes,1,0,40.65894887923626,Overcharge,Yes,Good
Lead-Acid,0,Yes,1,1,27.598171505681453,Overcharge,No,Blast
Lead-Acid,0,Yes,1,1,20.29936329975348,Over-discharge,Yes,Blast
Lead-Acid,0,No,1,1,41.70330987064736,Over-discharge,No,Blast
Lithium-Ion,1,No,1,0,36.06969798042736,Overcharge,No,Moderate
Lithium-Ion,0,No,0,0,45.08353109621746,Normal,Yes,
Lead-Acid,1,No,1,1,44.64165088702083,Over-discharge,No,Blast
Lead-Acid,1,Yes,0,1,45.299785033636496,Normal,Yes,Blast
Lithium-Ion,0,Yes,0,1,34.552839799386206,Overcharge,No,Chance_of_Blast
Lithium-Ion,1,Yes,0,0,30.008851875105968,Over-discharge,No,Moderate
Lead-Acid,1,Yes,1,1,43.7467460777411,Over-discharge,No,Blast
Lead-Acid,1,Yes,1,0,33.538823390877646,Overcharge,Yes,Good
Lead-Acid,1,No,0,1,25.503265892103038,Over-discharge,No,Blast
Lithium-Ion,1,Yes,1,1,45.64922058684423,Overcharge,Yes,Chance_of_Blast
Lithium-Ion,1,No,1,1,46.47679630317042,Over-discharge,No,Chance_of_Blast
Lithium-Ion,0,No,1,0,33.989292684205104,Overcharge,No,Moderate
Lead-Acid,1,No,1,0,22.270991819293624,Over-discharge,No,Moderate
Lead-Acid,1,No,0,1,31.634782697507937,Normal,No,Blast
Lithium-Ion,1,Yes,0,0,44.1061297838781,Normal,Yes,
Lithium-Ion,0,No,1,1,47.05322085638686,Normal,Yes,Chance_of_Blast
Lead-Acid,1,No,0,0,26.104182274927876,Over-discharge,No,Moderate
Lithium-Ion,0,No,1,0,22.009208360758144,Over-discharge,No,Moderate
Lithium-Ion,1,Yes,1,0,46.32051359398516,Normal,Yes,Moderate
Lead-Acid,0,Yes,0,1,31.682148169366258,Normal,Yes,Blast
Lithium-Ion,0,Yes,0,0,36.2528289280269,Overcharge,Yes,Good
Lead-Acid,1,No,0,0,49.04197436152277,Overcharge,Yes,Good
Lead-Acid,1,No,1,1,21.996941837426686,Overcharge,No,Blast
Lead-Acid,0,Yes,0,1,39.44954022356286,Normal,No,Blast
Lead-Acid,1,No,1,1,22.223162677246012,Normal,Yes,Blast
Lead-Acid,0,Yes,0,1,31.26406785399501,Normal,Yes,Blast
Lead-Acid,0,Yes,0,0,44.114436355803406,Overcharge,Yes,Good
Lead-Acid,0,No,1,0,33.004166982669034,Over-discharge,Yes,Good
Lithium-Ion,0,No,1,0,49.915470617088516,Normal,Yes,Moderate
Lead-Acid,0,No,1,0,36.77177854839806,Over-discharge,Yes,Good
Lead-Acid,1,No,1,0,29.634864579078602,Over-discharge,No,Moderate
Lithium-Ion,0,Yes,1,1,26.603339777142594,Over-discharge,No,Chance_of_Blast
Lithium-Ion,0,Yes,1,0,30.515616028584855,Overcharge,No,Moderate
Lithium-Ion,1,Yes,1,0,31.175998212786524,Over-discharge,Yes,Good
Lead-Acid,0,Yes,1,0,22.06141033171883,Normal,Yes,Moderate
Lithium-Ion,1,Yes,0,1,31.087225982803197,Overcharge,Yes,Chance_of_Blast
Lead-Acid,1,No,1,1,33.927155592176746,Normal,No,Blast
Lead-Acid,1,Yes,1,0,41.68213256716414,Normal,Yes,Moderate
Lead-Acid,0,Yes,0,1,39.70188454164824,Overcharge,Yes,Blast
Lead-Acid,0,Yes,1,1,41.26296965687463,Normal,No,Blast
Lithium-Ion,0,No,0,1,20.250910456305714,Normal,Yes,Chance_of_Blast
Lithium-Ion,1,No,0,1,26.53002198741608,Overcharge,No,Chance_of_Blast
Lead-Acid,0,No,1,1,39.850528651995695,Normal,No,Blast
Lead-Acid,1,No,0,1,34.51968104539242,Over-discharge,Yes,Blast
Lead-Acid,0,Yes,1,1,20.159404270050377,Normal,No,Blast
Lithium-Ion,1,Yes,0,0,44.13483927295467,Over-discharge,Yes,Good
Lead-Acid,0,No,0,0,43.18428719871012,Normal,No,
Lead-Acid,0,No,0,1,36.45257488980688,Overcharge,Yes,Blast
Lithium-Ion,0,Yes,1,0,21.993899773288163,Overcharge,No,Moderate
Lithium-Ion,1,Yes,1,0,42.99545148597754,Normal,Yes,Moderate
Lead-Acid,1,No,0,1,37.51140763194092,Overcharge,No,Blast
Lithium-Ion,0,No,0,0,43.458799314738776,Normal,No,
Lithium-Ion,0,No,1,1,42.55240977187521,Overcharge,No,Chance_of_Blast
Lead-Acid,1,No,1,1,44.090062158735115,Over-discharge,Yes,Blast
Lithium-Ion,1,Yes,0,1,35.540241992138746,Normal,Yes,Chance_of_Blast
Lead-Acid,1,Yes,0,0,24.20973554580545,Over-discharge,No,Moderate
Lithium-Ion,0,Yes,1,0,40.13472420139066,Over-discharge,Yes,Good
Lead-Acid,1,No,1,0,38.61421355155912,Normal,No,Moderate
Lead-Acid,0,No,1,0,42.26759561597262,Over-discharge,Yes,Good
Lead-Acid,1,Yes,1,1,25.09643018152206,Normal,No,Blast
Lithium-Ion,0,Yes,1,1,25.849255997008676,Over-discharge,Yes,Chance_of_Blast
Lead-Acid,1,Yes,0,0,46.712285516579854,Normal,No,
Lithium-Ion,1,Yes,1,1,42.49933395356213,Normal,No,Chance_of_Blast
Lead-Acid,1,No,0,1,47.24685466100969,Overcharge,No,Blast
Lead-Acid,1,Yes,1,0,42.76145963491762,Normal,No,Moderate
Lithium-Ion,1,Yes,0,1,37.914659179709055,Normal,Yes,Chance_of_Blast
Lead-Acid,0,Yes,1,0,39.62398211083621,Over-discharge,No,Moderate
Lead-Acid,1,Yes,1,1,46.6738377182003,Normal,Yes,Blast
Lithium-Ion,1,Yes,0,0,37.36420263535821,Overcharge,Yes,Good
Lead-Acid,1,Yes,0,1,38.97173972985162,Over-discharge,No,Blast
Lead-Acid,0,Yes,1,1,24.694301480108017,Over-discharge,Yes,Blast
Lead-Acid,1,No,1,0,34.21763660348308,Overcharge,Yes,Good
Lead-Acid,0,No,1,0,41.49191335874297,Over-discharge,Yes,Good
Lithium-Ion,1,No,1,0,28.128280949490964,Over-discharge,No,Moderate
Lithium-Ion,1,No,1,0,26.067625415736046,Over-discharge,Yes,Good
Lead-Acid,0,Yes,0,1,29.414804246732466,Over-discharge,Yes,Blast
Lithium-Ion,1,No,0,1,27.245018839785004,Overcharge,No,Chance_of_Blast
Lead-Acid,0,No,1,0,26.447379111091877,Overcharge,No,Moderate
Lithium-Ion,0,Yes,0,1,32.74552528604261,Over-discharge,Yes,Chance_of_Blast
Lead-Acid,1,Yes,0,0,47.23515541650602,Over-discharge,No,Moderate
Lead-Acid,0,No,0,0,35.21178940216155,Overcharge,Yes,Good
Lead-Acid,1,No,1,1,25.637611424459692,Overcharge,Yes,Blast
Lead-Acid,1,Yes,0,1,22.30915008142622,Overcharge,Yes,Blast
Lead-Acid,0,No,1,0,40.88468435413776,Over-discharge,No,Moderate
Lead-Acid,0,Yes,0,0,31.483962933091632,Over-discharge,Yes,Good
Lithium-Ion,0,Yes,1,0,44.65492839756078,Normal,No,Moderate
Lead-Acid,0,Yes,0,1,39.7853230592231,Overcharge,No,Blast
Lithium-Ion,1,Yes,1,1,43.88724351624106,Over-discharge,Yes,Chance_of_Blast
Lead-Acid,1,No,1,1,28.158381182553462,Overcharge,No,Blast
Lithium-Ion,0,Yes,0,1,40.77076767383174,Over-discharge,No,Chance_of_Blast
Lithium-Ion,1,Yes,1,0,27.921859540811564,Overcharge,No,Moderate
Lithium-Ion,1,No,1,0,48.17205438350875,Over-discharge,No,Moderate
Lead-Acid,1,Yes,1,0,39.09122844600123,Normal,No,Moderate
Lead-Acid,1,No,1,0,29.735354005260263,Normal,Yes,Moderate
Lithium-Ion,0,No,1,0,28.08535586876818,Overcharge,No,Moderate
Lead-Acid,0,No,1,0,25.727797552149305,Over-discharge,Yes,Good
Lithium-Ion,1,Yes,1,1,40.83922876681183,Over-discharge,Yes,Chance_of_Blast
Lead-Acid,0,No,1,1,26.56146838993782,Overcharge,Yes,Blast
Lithium-Ion,0,No,0,0,37.859097977824675,Over-discharge,Yes,Good
Lithium-Ion,0,Yes,0,0,27.939050807760722,Overcharge,Yes,Good
Lead-Acid,1,No,1,1,39.85906834381606,Over-discharge,Yes,Blast
Lithium-Ion,1,No,1,1,44.44819185621618,Overcharge,No,Chance_of_Blast
Lead-Acid,1,No,0,1,43.340757294339596,Over-discharge,No,Blast
Lithium-Ion,0,No,0,1,42.82553992792345,Overcharge,No,Chance_of_Blast
Lithium-Ion,1,No,0,0,25.631672170767562,Over-discharge,Yes,Good
Lead-Acid,1,Yes,1,0,22.65154840953556,Normal,No,Moderate
Lead-Acid,0,No,0,0,40.96846485462157,Over-discharge,No,Moderate
Lead-Acid,1,No,1,0,31.05041641383054,Overcharge,No,Moderate
Lithium-Ion,1,Yes,1,0,32.97038679210042,Normal,Yes,Moderate
Lead-Acid,0,Yes,0,1,20.93447278380173,Over-discharge,No,Blast
Lithium-Ion,0,Yes,1,0,27.787293478251478,Normal,Yes,Moderate
Lithium-Ion,0,No,1,1,21.01029211623392,Over-discharge,No,Chance_of_Blast
Lead-Acid,1,Yes,1,0,46.37557317803743,Normal,Yes,Moderate
Lead-Acid,1,No,1,0,27.301900496555916,Overcharge,Yes,Good
Lithium-Ion,1,No,0,0,36.72011508719024,Over-discharge,Yes,Good
Lithium-Ion,0,Yes,0,0,21.16937961983391,Over-discharge,No,Moderate
Lead-Acid,0,Yes,1,0,40.00542173916974,Overcharge,No,Moderate
Lead-Acid,1,No,1,1,29.690820372622817,Normal,Yes,Blast
Lead-Acid,1,Yes,0,1,46.93757560872997,Overcharge,No,Blast
Lead-Acid,0,No,1,1,46.643545668021076,Overcharge,Yes,Blast
Lead-Acid,0,Yes,0,0,29.758718550852436,Normal,Yes,
Lithium-Ion,0,Yes,1,0,47.02882687071404,Overcharge,No,Moderate
Lithium-Ion,0,Yes,1,1,49.88473020496336,Over-discharge,No,Chance_of_Blast
Lithium-Ion,1,No,0,0,44.76246992371844,Over-discharge,No,Moderate
Lithium-Ion,0,Yes,0,0,45.34614043265687,Over-discharge,Yes,Good
Lead-Acid,1,No,0,1,27.470262083272697,Overcharge,Yes,Blast
Lead-Acid,1,No,0,0,37.30107196573269,Over-discharge,No,Moderate
Lead-Acid,1,No,1,1,22.017677419021034,Over-discharge,Yes,Blast
Lithium-Ion,0,No,0,0,22.84753810465009,Over-discharge,No,Moderate
Lithium-Ion,0,Yes,1,1,49.96677836099872,Over-discharge,Yes,Chance_of_Blast
Lead-Acid,0,No,0,0,29.799177482777328,Over-discharge,No,Moderate
Lead-Acid,0,No,0,0,42.44551736146539,Over-discharge,No,Moderate
Lithium-Ion,1,Yes,1,1,44.199951590804496,Overcharge,Yes,Chance_of_Blast
Lithium-Ion,0,No,0,0,45.74069813021688,Over-discharge,No,Moderate
Lead-Acid,0,Yes,0,0,49.928848922064695,Over-discharge,No,Moderate
Lead-Acid,1,No,0,1,27.244894557706036,Normal,Yes,Blast
Lithium-Ion,0,Yes,0,0,21.210524805790993,Overcharge,No,Moderate
Lead-Acid,1,No,1,1,32.335745539837575,Overcharge,Yes,Blast
Lead-Acid,1,Yes,1,0,23.902420094868408,Overcharge,No,Moderate
Lead-Acid,1,No,0,0,20.672776674861655,Overcharge,Yes,Good
Lithium-Ion,1,No,0,0,30.812804814244583,Over-discharge,No,Moderate
Lithium-Ion,1,Yes,0,0,43.51214753225709,Over-discharge,No,Moderate
Lithium-Ion,1,Yes,1,1,36.985420736752125,Normal,No,Chance_of_Blast
Lithium-Ion,1,Yes,1,0,29.38333967631062,Normal,No,Moderate
Lithium-Ion,1,Yes,1,1,39.63026016478159,Overcharge,Yes,Chance_of_Blast
Lithium-Ion,0,No,1,0,26.96054540926432,Normal,Yes,Moderate
Lithium-Ion,0,No,0,0,20.431443382162552,Normal,Yes,
Lead-Acid,0,Yes,0,0,42.93060159309282,Overcharge,Yes,Good
Lead-Acid,0,No,0,0,38.71229254592028,Overcharge,Yes,Good
Lead-Acid,1,Yes,1,1,42.8690787350288,Normal,Yes,Blast
Lead-Acid,0,Yes,0,1,21.168140500629967,Over-discharge,Yes,Blast
Lead-Acid,1,No,1,1,45.11358883491957,Normal,No,Blast
Lead-Acid,0,No,1,1,38.585786001089105,Normal,No,Blast
Lead-Acid,0,No,0,0,36.901860521379206,Over-discharge,No,Moderate
Lithium-Ion,0,No,0,1,38.738421443435946,Over-discharge,No,Chance_of_Blast
Lithium-Ion,1,No,0,1,45.93299740605092,Overcharge,Yes,Chance_of_Blast
Lead-Acid,0,No,1,0,37.60809519676721,Overcharge,Yes,Good
Lead-Acid,1,No,1,0,37.428511396645376,Normal,Yes,Moderate
Lithium-Ion,1,Yes,0,0,49.72037471197297,Over-discharge,No,Moderate
Lead-Acid,0,Yes,0,0,42.70190501205704,Overcharge,Yes,Good
Lead-Acid,0,Yes,1,1,33.26881416353406,Normal,No,Blast
Lithium-Ion,0,Yes,0,1,41.22191000098783,Over-discharge,Yes,Chance_of_Blast
Lead-Acid,1,Yes,1,0,31.676914150753653,Normal,Yes,Moderate
Lithium-Ion,0,No,1,0,26.86626387450497,Overcharge,Yes,Good
Lead-Acid,1,Yes,0,0,37.90555630663278,Overcharge,Yes,Good
Lithium-Ion,1,Yes,0,1,47.84546294341854,Over-discharge,No,Chance_of_Blast
Lithium-Ion,0,Yes,0,1,47.87418560046388,Normal,No,Chance_of_Blast
Lithium-Ion,0,Yes,0,0,30.25715834316471,Over-discharge,Yes,Good
Lead-Acid,1,Yes,1,0,35.83032398665085,Overcharge,No,Moderate
Lithium-Ion,1,Yes,1,1,26.349076957095836,Overcharge,Yes,Chance_of_Blast
Lead-Acid,1,Yes,1,0,49.8689332849665,Normal,Yes,Moderate
Lead-Acid,0,No,0,0,49.43353723603807,Normal,Yes,
Lead-Acid,1,No,1,1,39.485267891223415,Normal,Yes,Blast
Lead-Acid,0,Yes,0,0,44.1324217903242,Over-discharge,No,Moderate
Lithium-Ion,1,No,0,1,41.453004838511,Normal,Yes,Chance_of_Blast
Lithium-Ion,1,No,0,0,37.79474657118405,Normal,Yes,
Lead-Acid,0,No,0,0,21.60043990966693,Overcharge,No,Moderate
Lead-Acid,1,No,0,1,33.64293027657983,Overcharge,Yes,Blast
Lithium-Ion,0,Yes,0,1,40.24358906502232,Normal,No,Chance_of_Blast
Lead-Acid,0,No,1,0,40.32594841651054,Normal,Yes,Moderate
Lithium-Ion,1,No,0,1,31.193678552671507,Overcharge,Yes,Chance_of_Blast
Lead-Acid,0,No,1,0,48.25075959974092,Normal,Yes,Moderate
Lead-Acid,0,Yes,1,0,25.02071096710343,Over-discharge,Yes,Good
Lithium-Ion,1,Yes,0,1,35.01078338646682,Over-discharge,Yes,Chance_of_Blast
Lead-Acid,0,Yes,0,0,40.726519296524685,Over-discharge,Yes,Good
Lithium-Ion,0,Yes,0,0,40.914074176754276,Normal,No,
Lead-Acid,0,Yes,1,1,39.459168703064464,Overcharge,Yes,Blast
Lead-Acid,1,Yes,0,1,28.258646403555804,Normal,No,Blast
Lead-Acid,0,Yes,1,0,24.68619706059866,Normal,No,Moderate
Lithium-Ion,1,No,0,1,39.078209804801325,Overcharge,Yes,Chance_of_Blast
Lead-Acid,1,No,0,1,37.97906348418313,Overcharge,No,Blast
Lead-Acid,0,No,1,1,25.380680308677228,Overcharge,Yes,Blast
Lead-Acid,0,Yes,1,1,41.1541743671169,Over-discharge,No,Blast
Lead-Acid,0,Yes,0,0,33.655159752009695,Normal,Yes,
Lithium-Ion,1,Yes,1,0,40.03281774809459,Overcharge,No,Moderate
Lithium-Ion,0,Yes,1,0,45.12101239310452,Normal,No,Moderate
Lead-Acid,0,Yes,1,1,25.091852857307693,Over-discharge,Yes,Blast
Lithium-Ion,0,No,1,1,20.5743460399051,Over-discharge,No,Chance_of_Blast
Lead-Acid,0,No,1,1,43.3730775918736,Overcharge,Yes,Blast
Lead-Acid,0,Yes,0,1,38.290922754578474,Overcharge,Yes,Blast
Lead-Acid,1,Yes,0,1,40.989187088663655,Normal,Yes,Blast
Lithium-Ion,1,Yes,1,1,45.14464924965928,Overcharge,Yes,Chance_of_Blast
Lithium-Ion,0,Yes,0,1,44.08432804473502,Normal,Yes,Chance_of_Blast
Lithium-Ion,0,No,0,0,48.82760440786474,Overcharge,No,Moderate
Lithium-Ion,0,Yes,1,0,36.07805236556355,Normal,No,Moderate
Lithium-Ion,0,Yes,0,1,34.65486897979716,Normal,No,Chance_of_Blast
Lithium-Ion,1,Yes,1,1,32.0566159967219,Normal,Yes,Chance_of_Blast
Lithium-Ion,0,Yes,1,1,24.610731285326136,Normal,No,Chance_of_Blast
Lithium-Ion,1,No,0,0,37.17821698646067,Over-discharge,No,Moderate
Lithium-Ion,1,Yes,1,0,28.310375729779363,Normal,No,Moderate
Lead-Acid,0,Yes,1,1,47.63922536638927,Overcharge,No,Blast
Lithium-Ion,1,No,1,1,37.49572412831293,Over-discharge,No,Chance_of_Blast
Lithium-Ion,1,No,1,0,37.785205415243304,Over-discharge,Yes,Good
Lithium-Ion,1,No,1,0,30.6477398263103,Normal,Yes,Moderate
Lithium-Ion,1,Yes,0,0,21.559680559331223,Over-discharge,No,Moderate
Lithium-Ion,0,Yes,0,0,20.95231296118966,Normal,Yes,
Lithium-Ion,0,No,1,1,32.700054324595925,Overcharge,Yes,Chance_of_Blast
Lithium-Ion,1,No,1,0,22.536961342917134,Normal,No,Moderate
Lithium-Ion,0,No,0,0,38.20540866620418,Over-discharge,No,Moderate
Lithium-Ion,0,No,1,1,46.429190169189724,Overcharge,Yes,Chance_of_Blast
Lithium-Ion,0,No,0,0,46.48744449556166,Normal,No,
Lithium-Ion,0,No,1,0,39.77136230396697,Overcharge,Yes,Good
Lead-Acid,0,Yes,1,0,26.33695494418793,Overcharge,Yes,Good
Lead-Acid,1,Yes,1,1,45.88990494076616,Over-discharge,No,Blast
Lithium-Ion,0,Yes,1,0,46.58280305939624,Overcharge,Yes,Good
Lithium-Ion,0,No,1,1,25.89960754858876,Over-discharge,Yes,Chance_of_Blast
Lead-Acid,0,No,1,1,42.12278257312032,Overcharge,Yes,Blast
